Time/s,Azimuth/deg,Zenith/deg
1,268.99,37.838
2001,351.62,49.982
4001,59.098,66.007
6001,124.31,77.926
8001,182.13,88.6512
10001,227.55,92.028
12001,272.08,85.4358
14001,324.74,76.187
16001,27.934,66.959
18001,100.11,54.292
20001,185.17,42.057
22001,270.29,47.945
24001,333.69,62.801
26001,33.717,75.904
28001,92.194,89.78017
30001,140.69,96.1587
32001,188.12,86.3363
34001,241.22,73.92
36001,298.75,63.821
38001,8.0087,52.755
40001,95.306,46.137
42001,182.91,51.806
44001,251.66,62.943
46001,309.07,73.471
48001,2.8329,86.4458
50001,50.762,96.5411
52001,99.33,89.87023
54001,157.19,75.951
56001,216.37,63.06
58001,279.62,48.624
60001,4.9064,42.802
62001,90.719,54.069
64001,163.33,66.166
66001,226.03,75.279
68001,278.49,84.9327
70001,323.33,92.432
72001,9.0504,89.39321
74001,67.13,78.381
76001,131.77,66.133
78001,198.15,49.877
80001,280.27,37.926
82001,3.0786,50.624
84001,71.471,66.356
86001,136.98,77.864
88001,194.15,88.1368
90001,239.2,91.6482
92001,283.55,85.751
94001,336.73,76.655
96001,40.664,67.198
98001,112.53,54
100001,197.11,41.189
102001,281.63,47.822
104001,345.05,63.163
106001,45.911,76.36
108001,104.76,89.964367
110001,152.95,95.6354
112001,199.93,85.9087
114001,252.54,73.993
116001,310.58,64.257
118001,20.727,53.305
120001,107.91,45.984
122001,195.46,51.152
124001,263.2,62.625
126001,320.44,73.588
128001,14.854,86.9657
130001,63.141,96.8879
132001,111.84,89.50236
134001,169.13,75.492
136001,227.61,62.86
138001,291.27,48.996
140001,17.12,43.619
142001,103.34,54.127
144001,175.95,65.779
146001,237.75,74.827
148001,289.94,84.8169
150001,335.12,92.9706
152001,21.286,89.78899
154001,79.795,78.26
156001,143.88,65.682
158001,209.38,49.339
160001,291.59,38.212
162001,14.683,51.277
164001,83.964,66.626
166001,149.6,77.708
168001,206.06,87.5905
170001,250.8,91.3775
172001,295.07,86.1549
174001,348.86,77.1
176001,53.413,67.345
178001,124.83,53.599
180001,208.92,40.347
182001,292.86,47.843
184001,356.53,63.585
186001,58.233,76.787
188001,117.31,90.037608
190001,165.12,95.0506
192001,211.64,85.5591
194001,263.88,74.163
196001,322.58,64.729
198001,33.491,53.771
200001,120.48,45.672
202001,207.89,50.486
204001,274.61,62.392
206001,331.87,73.799
208001,26.99,87.505
210001,75.562,97.1141
212001,124.3,89.0597
214001,180.94,75.061
216001,238.83,62.758
218001,303.11,49.478
220001,29.448,44.36
222001,116.04,54.054
224001,188.46,65.338
226001,249.35,74.413
228001,301.42,84.8146
230001,346.99,93.5638
232001,33.624,90.092812
234001,92.421,78.05
236001,155.84,65.204
238001,220.54,48.89
240001,302.99,38.679
242001,26.447,51.915
244001,96.559,66.807
246001,162.15,77.465
248001,217.85,87.0371
250001,262.37,91.2268
252001,306.65,86.6302
254001,1.1382,77.504
256001,66.15,67.393
258001,136.97,53.105
260001,220.59,39.571
262001,304.02,48.007
264001,8.1306,64.049
266001,70.669,77.165
268001,129.83,89.9956592
270001,177.2,94.4307
272001,223.25,85.3028
274001,275.27,74.422
276001,334.74,65.214
278001,46.269,54.133
280001,133,45.211
282001,220.16,49.838
284001,285.92,62.255
286001,343.39,74.092
288001,39.236,88.0409
290001,88.005,97.2088
292001,136.67,88.5615
294001,192.62,74.678
296001,250.06,62.759
298001,315.13,50.046
300001,41.872,44.999
302001,128.8,53.852
304001,200.84,64.863
306001,260.84,74.055
308001,312.94,84.925
310001,358.95,94.1867
312001,46.049,90.2914
314001,104.98,77.758
316001,167.65,64.719
318001,231.67,48.552
320001,314.5,39.3
322001,38.373,52.51
324001,109.23,66.892
326001,174.6,77.144
328001,229.54,86.5015
330001,273.93,91.2022
332001,318.31,87.1559
334001,13.54,77.848
336001,78.846,67.342
338001,148.96,52.538
340001,232.12,38.901
342001,315.14,48.306
344001,19.877,64.535
346001,83.201,77.48
348001,142.29,89.83942
350001,189.19,93.8031
352001,234.8,85.1512
354001,286.72,74.759
356001,347.06,65.693
358001,59.033,54.379
360001,145.45,44.618
362001,232.26,49.238
364001,297.16,62.221
366001,355.02,74.455
368001,51.582,88.5509
370001,100.45,97.1671
372001,148.96,88.0292
374001,204.18,74.359
376001,261.34,62.863
378001,327.34,50.672
380001,54.375,45.513
382001,141.57,53.527
384001,213.07,64.374
386001,272.24,73.769
388001,324.53,85.1427
390001,10.999,94.8126
392001,58.542,90.37654
394001,117.46,77.398
396001,179.31,64.249
398001,242.8,48.34
400001,326.13,40.04
402001,50.46,53.038
404001,121.96,66.876
406001,186.93,76.76
408001,241.15,86.0078
410001,285.49,91.3047
412001,330.07,87.7089
414001,26.049,78.119
416001,91.473,67.192
418001,160.78,51.919
420001,243.55,38.371
422001,326.28,48.723
424001,31.775,65.021
426001,95.807,77.718
428001,154.66,89.57507
430001,201.09,93.1951
432001,246.3,85.1115
434001,298.28,75.158
436001,359.52,66.144
438001,71.757,54.498
440001,157.8,43.912
442001,244.17,48.716
444001,308.37,62.29
446001,6.7753,74.871
448001,64.013,89.01321
450001,112.88,96.9911
452001,161.13,87.4852
454001,215.65,74.119
456001,272.71,63.064
458001,339.71,51.327
460001,66.937,45.883
462001,154.34,53.093
464001,225.14,63.892
466001,283.59,73.569
468001,336.2,85.4578
470001,23.143,95.414
472001,71.08,90.34535
474001,129.82,76.984
476001,190.83,63.814
478001,254,48.268
480001,337.9,40.861
482001,62.699,53.48
484001,134.71,66.76
486001,199.12,76.327
488001,252.68,85.5777
490001,297.08,91.5301
492001,341.93,88.2641
494001,38.64,78.305
496001,104.01,66.952
498001,172.44,51.276
500001,254.88,38.013
502001,337.48,49.238
504001,43.826,65.486
506001,108.46,77.869
508001,166.94,89.21393
510001,212.9,92.6323
512001,257.76,85.1861
514001,309.95,75.601
516001,12.095,66.547
518001,84.415,54.487
520001,170.04,43.121
522001,255.89,48.296
524001,319.59,62.46
526001,18.663,75.322
528001,76.511,89.40796
530001,125.28,96.6896
532001,173.2,86.9524
534001,227.05,73.97
536001,284.2,63.354
538001,352.22,51.981
540001,79.536,46.098
542001,167.08,52.565
544001,237.03,63.439
546001,294.91,73.463
548001,347.97,85.8565
550001,35.372,95.964
552001,83.64,90.20022
554001,142.07,76.535
556001,202.24,63.433
558001,265.3,48.338
560001,349.82,41.724
562001,75.076,53.816
564001,147.45,66.549
566001,211.17,75.866
568001,264.17,85.2298
570001,308.71,91.8693
572001,353.91,88.7966
574001,51.287,78.399
576001,116.43,66.629
578001,183.95,50.634
580001,266.17,37.848
582001,348.78,49.826
584001,56.026,65.91
586001,121.14,77.926
588001,179.11,88.772
590001,224.63,92.1383
592001,269.21,85.3725
594001,321.76,76.068
596001,24.758,66.886
598001,96.982,54.347
600001,182.16,42.274
602001,267.43,47.999
604001,330.86,62.723
606001,30.689,75.788
608001,89.054,89.71774
610001,137.62,96.2769
612001,185.15,86.4533
614001,238.39,73.917
616001,295.82,63.719
618001,4.8395,52.606
620001,92.152,46.15
622001,179.75,51.965
624001,248.76,63.034
626001,306.23,73.457
628001,359.85,86.3215
630001,47.676,96.4374
632001,96.195,89.948512
634001,154.18,76.068
636001,213.56,63.124
638001,276.73,48.55
640001,1.8723,42.589
642001,87.577,54.034
644001,160.16,66.252
646001,223.07,75.396
648001,275.62,84.9789
650001,320.4,92.3086
652001,6.0087,89.28189
654001,63.961,78.397
656001,128.72,66.24
658001,195.32,50.022
660001,277.45,37.885
662001,0.20129,50.461
664001,68.366,66.275
666001,133.81,77.888
668001,191.16,88.2693
670001,236.29,91.7335
672001,280.68,85.6633
674001,333.71,76.539
676001,37.479,67.147
678001,109.44,54.084
680001,194.14,41.405
682001,278.81,47.839
684001,342.2,63.066
686001,42.85,76.248
688001,101.62,89.928447
690001,149.89,95.773
692001,196.98,86.0089
694001,249.71,73.965
696001,307.61,64.144
698001,17.542,53.175
700001,104.76,46.037
702001,192.33,51.318
704001,260.33,62.697
706001,317.59,73.55
708001,11.838,86.833
710001,60.042,96.8119
712001,108.72,89.60203
714001,166.16,75.605
716001,224.81,62.901
718001,288.34,48.892
720001,14.056,43.42
722001,100.18,54.125
724001,172.8,65.881
726001,234.83,74.938
728001,287.08,84.8353
730001,332.16,92.8299
732001,18.217,89.69804
734001,76.631,78.299
736001,140.87,65.798
738001,206.58,49.466
740001,288.76,38.123
742001,11.767,51.114
744001,80.83,66.566
746001,146.45,77.755
748001,203.09,87.7287
750001,247.9,91.4343
752001,292.19,86.0465
754001,345.81,76.992
756001,50.226,67.317
758001,121.77,53.709
760001,205.98,40.553
762001,290.06,47.824
764001,353.65,63.475
766001,55.141,76.684
768001,114.18,90.030017
770001,162.08,95.2011
772001,208.72,85.6383
774001,261.04,74.112
776001,319.56,64.609
778001,30.297,53.664
780001,117.34,45.764
782001,204.79,50.652
784001,271.77,62.441
786001,329,73.738
788001,23.946,87.3696
790001,72.454,97.0696
792001,121.19,89.17636
794001,178,75.165
796001,236.03,62.774
798001,300.13,49.349
